"","prof_efectiva","materia_organica","drenaje_interno","drenaje_externo","ID_LOTE","ID_FINCA","PENDIENTE_RASTA","TERRENO_CIRCUN_RASTA","POSICION_PERFIL_RASTA","NO_CAPAS_RASTA","ESPESOR","COLOR_SECO","COLOR_HUMEDO","TEXTURA","RESIST_ROMPIMIENTO","PH_RASTA","CARBONATOS_RASTA","PROFUNDIDAD_CARBONATOS","PEDREG_SUPERF_PIEDRAS","PEDREG_SUPERF_ROCAS","PEDREG_PERFIL_PIEDRAS","PEDREG_PERFIL_ROCAS","HOR_PEDREG_ROCOSO_RASTA","HOR_PEDREG_ROCOSO_PROFUNDIDAD_RASTA","HOR_PEDREG_ROCOSO_ESPESOR_RASTA","PROFUND_PRIMERAS_ROCAS_PIEDRAS_RASTA..CM.","CAP_ENDURE_RASTA","PROFUND_CAP_ENDURE_RASTA","ESPESOR_CAP_ENDURE_RASTA","MOTEADOS_RASTA","PROFUND_MOTEADOS_RASTA","MOTEADOS_MAS70cm._RASTA","ESTRUCTURA_RASTA","OBSERVA_EROSION_RASTA","OBSERVA_MOHO_RASTA","OBSERVA_COSTRAS_DURAS_RASTA","SITIO_EXPUESTO_SOL_RASTA","OBSERVA_COSTRAS_BLANCAS_RASTA","OBSERVA_COSTAS_NEGRAS_RASTA","REGION_SECA_ARIDA_RASTA","OBSERVA_RAICES_VIVAS_RASTA","PROFUND_RAICES_VIVAS_RASTA","OBSERVA_PLANTAS_PEQUENAS_RASTA","OBSERVA_HOJARASCA_MO_RASTA","SUELO_NEGRO_BLANDO_RASTA","CUCHILLO_PRIMER_HTE_RASTA","CERCA_RIOS_QUEBRADAS_RASTA","RECUBRIMIENTO_VEGETAL__SUELO_RASTA"
"1",26,"MEDIA,MEDIA","BUENO","MODERADO",971,1057,27,"ONDULADO","LADERA CONVEXA",2,"18,52","3,35","ND,ND","FL,FAr","BLANDO,DURO",4.5,"NO TIENE",NA,"SIN PIEDRAS","SIN ROCAS","SIN PIEDRAS","SIN ROCAS","NO",NA,NA,NA,"SI",26,30,"NO",NA,"NO","GRANULAR","NO","NO","NO HAY","LA MANANA Y LA TARDE","NO HAY","NO HAY","NO","SI",22,"PLANTAS NORMALES","NO","NO","SI","NO","BUENO"
"2",70,"MEDIA,MEDIA","BUENO","MODERADO",974,1060,33.5,"ONDULADO","LADERA CONVEXA",2,"16,54","16,35","ND,ND","FL,FL","BLANDO,BLANDO",5,"NO TIENE",NA,"SIN PIEDRAS","SIN ROCAS","SIN PIEDRAS","SIN ROCAS","NO",NA,NA,NA,"NO",NA,NA,"NO",NA,"NO","GRANULAR","NO","NO","NO HAY","LA MANANA Y LA TARDE","NO HAY","NO HAY","NO","SI",30,"PLANTAS NORMALES","NO","NO","SI","NO","BUENO"
"3",32,"MEDIA,MEDIA","BUENO","NINGUNO",976,1062,2,"ONDULADO","CIMA",2,"13,57","17,35","ND,ND","FAr,FAr","BLANDO,BLANDO",5,"NO TIENE",NA,"SIN PIEDRAS","SIN ROCAS","SIN PIEDRAS","SIN ROCAS","NO",NA,NA,NA,"SI",32,40,"NO",NA,"NO","GRANULAR","NO","NO","NO HAY","LA MANANA Y LA TARDE","NO HAY","NO HAY","NO","SI",20,"PLANTAS NORMALES","NO","NO","SI","NO","BUENO"
"4",71,"MEDIA,MEDIA","BUENO","MODERADO",981,1067,18,"ONDULADO","LADERA CONVEXA",2,"10,61","2,34","ND,ND","L,FL","BLANDO,BLANDO",5,"NO TIENE",NA,"SIN PIEDRAS","SIN ROCAS","SIN PIEDRAS","SIN ROCAS","NO",NA,NA,NA,"NO",NA,NA,"NO",NA,"NO","GRANULAR","NO","NO","NO HAY","LA MANANA Y LA TARDE","NO HAY","NO HAY","NO","SI",35,"PLANTAS NORMALES","NO","NO","SI","NO","BUENO"
"5",70,"MEDIA,MEDIA","BUENO","MODERADO",984,1070,42,"ONDULADO","LADERA CONVEXA",2,"21,49","2,35","ND,ND","F,FL","BLANDO,BLANDO",4,"NO TIENE",NA,"SIN PIEDRAS","SIN ROCAS","SIN PIEDRAS","SIN ROCAS","NO",NA,NA,NA,"NO",NA,NA,"NO",NA,"NO","GRANULAR","NO","NO","NO HAY","LA MANANA Y LA TARDE","NO HAY","NO HAY","NO","SI",42,"PLANTAS NORMALES","NO","NO","SI","NO","BUENO"
"6",70,"MEDIA,MEDIA","BUENO","MODERADO",986,1072,17,"ONDULADO","LADERA CONVEXA",2,"17,53","ND,ND","16,35","FL,FL","BLANDO,BLANDO",5,"NO TIENE",NA,"SIN PIEDRAS","SIN ROCAS","SIN PIEDRAS","SIN ROCAS","NO",NA,NA,NA,"NO",NA,NA,"NO",NA,"NO","GRANULAR","NO","NO","NO HAY","LA MANANA Y LA TARDE","NO HAY","NO HAY","NO","SI",34,"PLANTAS NORMALES","NO","NO","SI","NO","BUENO"
"7",70,"MEDIA,MEDIA","BUENO","MODERADO",987,1073,34,"ONDULADO","LADERA PLANA",2,"53,17","ND,ND","3,32","FL,FL","BLANDO,BLANDO",5,"NO TIENE",NA,"SIN PIEDRAS","SIN ROCAS","SIN PIEDRAS","SIN ROCAS","NO",NA,NA,NA,"NO",NA,NA,"NO",NA,"NO","GRANULAR","NO","NO","NO HAY","LA MANANA Y LA TARDE","NO HAY","NO HAY","NO","SI",38,"PLANTAS NORMALES","NO","NO","SI","NO","BUENO"
"8",71,"MEDIA,MEDIA","BUENO","MODERADO",989,1075,28.5,"ONDULADO","LADERA PLANA",2,"20,51","ND,ND","3,32","FL,FL","BLANDO,BLANDO",5,"NO TIENE",NA,"SIN PIEDRAS","SIN ROCAS","SIN PIEDRAS","SIN ROCAS","NO",NA,NA,NA,"NO",NA,NA,"NO",NA,"NO","GRANULAR","NO","NO","NO HAY","LA MANANA Y LA TARDE","NO HAY","NO HAY","NO","SI",32,"PLANTAS NORMALES","NO","NO","SI","NO","BUENO"
"9",70,"MEDIA,MEDIA","BUENO","LENTO",990,1076,10,"ONDULADO","LADERA PLANA",2,"21,49","ND,ND","2,32","FL,FL","BLANDO,BLANDO",5,"NO TIENE",NA,"SIN PIEDRAS","SIN ROCAS","SIN PIEDRAS","SIN ROCAS","NO",NA,NA,NA,"NO",NA,NA,"NO",NA,"NO","GRANULAR","NO","NO","NO HAY","LA MANANA Y LA TARDE","NO HAY","NO HAY","NO","SI",28,"PLANTAS NORMALES","NO","NO","SI","NO","BUENO"
"10",70,"MEDIA,MEDIA","BUENO","LENTO",1005,1091,6,"ONDULADO","LADERA PLANA",2,"45,25","ND,ND","3,31","FL,FL","BLANDO,BLANDO",5.5,"NO TIENE",NA,"SIN PIEDRAS","SIN ROCAS","SIN PIEDRAS","SIN ROCAS","NO",NA,NA,NA,"NO",NA,NA,"NO",NA,"NO","GRANULAR","NO","NO","NO HAY","LA MANANA Y LA TARDE","NO HAY","NO HAY","NO","SI",46,"PLANTAS NORMALES","NO","NO","SI","NO","REGULAR"
"11",70,"MEDIA,MEDIA","BUENO","NINGUNO",1011,1097,1,"ONDULADO","CIMA",2,"18,52","ND,ND","16,32","FL,FL","BLANDO,BLANDO",4,"NO TIENE",NA,"SIN PIEDRAS","SIN ROCAS","SIN PIEDRAS","SIN ROCAS","NO",NA,NA,NA,"NO",NA,NA,"NO",NA,"NO","GRANULAR","NO","NO","NO HAY","LA MANANA Y LA TARDE","NO HAY","NO HAY","NO","SI",16,"MUY AFECTADAS","NO","NO","SI","NO","REGULAR"
"12",80,"MEDIA,MEDIA","BUENO","NINGUNO",1012,1098,0.5,"ONDULADO","PLANO",2,"65,15","ND,ND","3,38","FL,FL","BLANDO,BLANDO",4,"NO TIENE",NA,"SIN PIEDRAS","SIN ROCAS","SIN PIEDRAS","SIN ROCAS","NO",NA,NA,NA,"NO",NA,NA,"NO",NA,"NO","GRANULAR","NO","NO","NO HAY","LA MANANA Y LA TARDE","NO HAY","NO HAY","NO","SI",16,"MUY AFECTADAS","NO","NO","SI","NO","REGULAR"
"13",70,"MEDIA,MEDIA","BUENO","LENTO",1020,1106,3,"ONDULADO","PLANO",2,"19,51","ND,ND","3,32","FL,FL","BLANDO,BLANDO",4.5,"NO TIENE",NA,"SIN PIEDRAS","SIN ROCAS","SIN PIEDRAS","SIN ROCAS","NO",NA,NA,NA,"NO",NA,NA,"NO",NA,"NO","GRANULAR","NO","NO","NO HAY","LA MANANA Y LA TARDE","NO HAY","NO HAY","NO","SI",24,"MUY AFECTADAS","NO","NO","SI","NO","REGULAR"
"14",71,"MEDIA,MEDIA","BUENO","MODERADO",1021,1107,8.5,"ONDULADO","LADERA PLANA",2,"20,51","ND,ND","3,32","FL,FL","BLANDO,BLANDO",5,"NO TIENE",NA,"SIN PIEDRAS","SIN ROCAS","SIN PIEDRAS","SIN ROCAS","NO",NA,NA,NA,"NO",NA,NA,"NO",NA,"NO","GRANULAR","NO","NO","NO HAY","LA MANANA Y LA TARDE","NO HAY","NO HAY","NO","SI",18,"MUY AFECTADAS","NO","NO","SI","NO","REGULAR"
"15",70,"MEDIA,MEDIA","BUENO","LENTO",1022,1108,5,"ONDULADO","LADERA PLANA",2,"18,52","ND,ND","3,32","FL,FL","BLANDO,BLANDO",4.5,"NO TIENE",NA,"SIN PIEDRAS","SIN ROCAS","SIN PIEDRAS","SIN ROCAS","NO",NA,NA,NA,"NO",NA,NA,"NO",NA,"NO","GRANULAR","NO","NO","NO HAY","LA MANANA Y LA TARDE","NO HAY","NO HAY","NO","SI",16,"MUY AFECTADAS","NO","NO","SI","NO","REGULAR"
"16",50,"MEDIA,MEDIA","BUENO","MODERADO",1036,1122,15.5,"ONDULADO","LADERA PLANA",2,"7,63","19,34","ND,ND","FL,L","BLANDO,DURO",5,"NO TIENE",NA,"SIN PIEDRAS","SIN ROCAS","SIN PIEDRAS","SIN ROCAS","NO",NA,NA,NA,"SI",50,20,"NO",NA,"NO","GRANULAR","NO","NO","NO HAY","LA MANANA Y LA TARDE","NO HAY","NO HAY","NO","SI",18,"PLANTAS NORMALES","NO","NO","SI","NO","BUENO"
"17",70,"MEDIA,MEDIA","BUENO","MODERADO",1832,2057,27,"MONTA‹OSO","LADERA CONVEXA",2,"9,61","8,42","ND,ND","ArA,ArA","BLANDO,BLANDO",4,"NO TIENE",NA,"SIN PIEDRAS","SIN ROCAS","SIN PIEDRAS","SIN ROCAS","NO",NA,NA,NA,"NO",NA,NA,"NO",NA,"NO","GRANULAR","NO","NO","NO HAY","LA MANANA Y LA TARDE","NO HAY","NO HAY","NO","SI",23,"PLANTAS NORMALES","NO","NO","SI","NO","BUENO"
"18",70,"MEDIA,MEDIA","BUENO","MODERADO",1833,2058,29,"MONTA‹OSO","LADERA PLANA",2,"47,23","ND,ND","3,31","FL,FL","BLANDO,BLANDO",5,"NO TIENE",NA,"SIN PIEDRAS","SIN ROCAS","SIN PIEDRAS","SIN ROCAS","NO",NA,NA,NA,"NO",NA,NA,"NO",NA,"NO","GRANULAR","NO","NO","NO HAY","LA MANANA Y LA TARDE","NO HAY","NO HAY","NO","SI",26,"PLANTAS NORMALES","NO","NO","SI","NO","BUENO"
"19",70,"MEDIA,MEDIA","BUENO","MODERADO",1834,2059,15,"MONTA‹OSO","LADERA PLANA",2,"27,43","ND,ND","6,35","FL,FL","BLANDO,BLANDO",5,"NO TIENE",NA,"SIN PIEDRAS","SIN ROCAS","SIN PIEDRAS","SIN ROCAS","NO",NA,NA,NA,"NO",NA,NA,"NO",NA,"NO","GRANULAR","NO","NO","NO HAY","LA MANANA Y LA TARDE","NO HAY","NO HAY","NO","SI",28,"PLANTAS NORMALES","NO","NO","SI","NO","BUENO"
"20",70,"MEDIA,MEDIA","BUENO","MODERADO",1836,2061,38,"MONTA‹OSO","LADERA PLANA",2,"18,52","ND,ND","18,34","FL,FL","BLANDO,BLANDO",4.5,"NO TIENE",NA,"SIN PIEDRAS","SIN ROCAS","SIN PIEDRAS","SIN ROCAS","NO",NA,NA,NA,"NO",NA,NA,"NO",NA,"NO","GRANULAR","NO","NO","NO HAY","LA MANANA Y LA TARDE","NO HAY","NO HAY","NO","SI",36,"POCO AFECTADAS","NO","NO","SI","NO","BUENO"
"21",73,"MEDIA","BUENO","MODERADO",1839,2064,7.5,"ONDULADO","LADERA PLANA",1,"73","ND","3","FL","BLANDO",5,"NO TIENE",NA,"SIN PIEDRAS","SIN ROCAS","SIN PIEDRAS","SIN ROCAS","NO",NA,NA,NA,"NO",NA,NA,"NO",NA,"NO","GRANULAR","NO","NO","NO HAY","LA MANANA Y LA TARDE","NO HAY","NO HAY","NO","SI",52,"MUY AFECTADAS","NO","NO","SI","NO","REGULAR"
"22",70,"MEDIA,MEDIA","BUENO","MODERADO",1848,2073,9,"ONDULADO","LADERA PLANA",2,"13,57","ND,ND","18,38","FL,FL","BLANDO,BLANDO",5,"NO TIENE",NA,"SIN PIEDRAS","SIN ROCAS","SIN PIEDRAS","SIN ROCAS","NO",NA,NA,NA,"NO",NA,NA,"NO",NA,"NO","GRANULAR","NO","NO","NO HAY","LA MANANA Y LA TARDE","NO HAY","NO HAY","NO","SI",20,"PLANTAS NORMALES","NO","NO","SI","NO","ESPACIADO"
"23",70,"MEDIA,MEDIA","BUENO","LENTO",1850,2075,7,"ONDULADO","LADERA PLANA",2,"42,28","ND,ND","3,31","FL,FL","BLANDO,BLANDO",5,"NO TIENE",NA,"SIN PIEDRAS","SIN ROCAS","SIN PIEDRAS","SIN ROCAS","NO",NA,NA,NA,"NO",NA,NA,"NO",NA,"NO","GRANULAR","NO","NO","NO HAY","LA MANANA Y LA TARDE","NO HAY","NO HAY","NO","SI",45,"PLANTAS NORMALES","NO","NO","SI","NO","BUENO"
"24",70,"MEDIA,MEDIA","BUENO","MODERADO",1855,2080,20,"ONDULADO","LADERA CONVEXA",2,"19,51","ND,ND","18,35","FL,FL","BLANDO,BLANDO",5,"NO TIENE",NA,"SIN PIEDRAS","SIN ROCAS","SIN PIEDRAS","SIN ROCAS","NO",NA,NA,NA,"NO",NA,NA,"NO",NA,"NO","GRANULAR","NO","NO","NO HAY","LA MANANA Y LA TARDE","NO HAY","NO HAY","NO","SI",27,"PLANTAS NORMALES","NO","NO","SI","NO","BUENO"
"25",71,"MEDIA,MEDIA","BUENO","LENTO",1857,2082,4.5,"ONDULADO","PLANO",2,"40,31","ND,ND","3,32","FL,FL","BLANDO,BLANDO",5,"NO TIENE",NA,"SIN PIEDRAS","SIN ROCAS","SIN PIEDRAS","SIN ROCAS","NO",NA,NA,NA,"NO",NA,NA,"NO",NA,"NO","GRANULAR","NO","NO","NO HAY","LA MANANA Y LA TARDE","NO HAY","NO HAY","NO","SI",25,"POCO AFECTADAS","NO","NO","SI","NO","BUENO"
"26",70,"MEDIA,MEDIA","BUENO","LENTO",1858,2083,11,"ONDULADO","LADERA PLANA",2,"63,7","ND,ND","3,35","FL,FL","BLANDO,BLANDO",5,"NO TIENE",NA,"SIN PIEDRAS","SIN ROCAS","SIN PIEDRAS","SIN ROCAS","NO",NA,NA,NA,"NO",NA,NA,"NO",NA,"NO","GRANULAR","NO","NO","NO HAY","LA MANANA Y LA TARDE","NO HAY","NO HAY","NO","SI",43,"MUY AFECTADAS","NO","NO","SI","NO","BUENO"
"27",70,"MEDIA,MEDIA","BUENO","MODERADO",1864,2089,27.5,"MONTA‹OSO","LADERA CONVEXA",2,"34,36","ND,ND","3,34","FL,FL","BLANDO,BLANDO",5.5,"NO TIENE",NA,"SIN PIEDRAS","SIN ROCAS","SIN PIEDRAS","SIN ROCAS","NO",NA,NA,NA,"NO",NA,NA,"NO",NA,"NO","GRANULAR","NO","NO","NO HAY","LA MANANA Y LA TARDE","NO HAY","NO HAY","NO","SI",21,"POCO AFECTADAS","NO","NO","SI","NO","BUENO"
"28",70,"MEDIA,MEDIA","BUENO","LENTO",1872,2097,4,"ONDULADO","PLANO",2,"21,49","ND,ND","3,32","FL,FL","BLANDO,BLANDO",5,"NO TIENE",NA,"SIN PIEDRAS","SIN ROCAS","SIN PIEDRAS","SIN ROCAS","NO",NA,NA,NA,"NO",NA,NA,"NO",NA,"NO","GRANULAR","NO","NO","NO HAY","LA MANANA Y LA TARDE","NO HAY","NO HAY","NO","SI",27,"PLANTAS NORMALES","NO","NO","SI","NO","BUENO"
"29",70,"MEDIA,MEDIA","BUENO","MODERADO",1874,2099,8,"ONDULADO","PLANO",2,"23,47","ND,ND","5,32","FL,FL","BLANDO,BLANDO",5,"NO TIENE",NA,"SIN PIEDRAS","SIN ROCAS","SIN PIEDRAS","SIN ROCAS","NO",NA,NA,NA,"NO",NA,NA,"NO",NA,"NO","GRANULAR","NO","NO","NO HAY","LA MANANA Y LA TARDE","NO HAY","NO HAY","NO","SI",22,"PLANTAS NORMALES","NO","NO","SI","NO","REGULAR"
"30",70,"MEDIA,MEDIA","BUENO","LENTO",1875,2100,7,"ONDULADO","PLANO",2,"38,32","ND,ND","3,32","FL,FL","BLANDO,BLANDO",5,"NO TIENE",NA,"SIN PIEDRAS","SIN ROCAS","SIN PIEDRAS","SIN ROCAS","NO",NA,NA,NA,"NO",NA,NA,"NO",NA,"NO","GRANULAR","NO","NO","NO HAY","LA MANANA Y LA TARDE","NO HAY","NO HAY","NO","SI",28,"MUY AFECTADAS","NO","NO","SI","NO","BUENO"
"31",70,"MEDIA,MEDIA","BUENO","MODERADO",1876,2101,23,"ONDULADO","LADERA PLANA",2,"34,36","ND,ND","3,35","FL,FL","BLANDO,BLANDO",5,"NO TIENE",NA,"SIN PIEDRAS","SIN ROCAS","SIN PIEDRAS","SIN ROCAS","NO",NA,NA,NA,"NO",NA,NA,"NO",NA,"NO","GRANULAR","NO","NO","NO HAY","LA MANANA Y LA TARDE","NO HAY","NO HAY","NO","SI",16,"MUY AFECTADAS","NO","NO","SI","NO","BUENO"
"32",71,"MEDIA,MEDIA","BUENO","LENTO",1877,2102,10.5,"ONDULADO","LADERA PLANA",2,"40,31","ND,ND","3,32","FL,FL","BLANDO,BLANDO",5,"NO TIENE",NA,"SIN PIEDRAS","SIN ROCAS","SIN PIEDRAS","SIN ROCAS","NO",NA,NA,NA,"NO",NA,NA,"NO",NA,"NO","GRANULAR","NO","NO","NO HAY","LA MANANA Y LA TARDE","NO HAY","NO HAY","NO","SI",47,"PLANTAS NORMALES","NO","NO","SI","NO","BUENO"
"33",70,"MEDIA,MEDIA","BUENO","MODERADO",1878,2103,7.5,"ONDULADO","LADERA PLANA",2,"23,47","ND,ND","3,34","FL,FL","BLANDO,BLANDO",5,"NO TIENE",NA,"SIN PIEDRAS","SIN ROCAS","SIN PIEDRAS","SIN ROCAS","NO",NA,NA,NA,"NO",NA,NA,"NO",NA,"NO","ATERRONADA","NO","NO","NO HAY","LA MANANA Y LA TARDE","NO HAY","NO HAY","NO","SI",30,"MUY AFECTADAS","NO","NO","SI","NO","ESPACIADO"
"34",70,"MEDIA,MEDIA","BUENO","LENTO",1879,2104,8.5,"ONDULADO","LADERA PLANA",2,"29,41","ND,ND","3,35","FL,FL","BLANDO,BLANDO",5,"NO TIENE",NA,"SIN PIEDRAS","SIN ROCAS","SIN PIEDRAS","SIN ROCAS","NO",NA,NA,NA,"NO",NA,NA,"NO",NA,"NO","ATERRONADA","NO","NO","NO HAY","LA MANANA Y LA TARDE","NO HAY","NO HAY","NO","SI",30,"MUY AFECTADAS","NO","NO","SI","NO","BUENO"
"35",70,"MEDIA,MEDIA","BUENO","LENTO",1881,2106,10.5,"ONDULADO","LADERA PLANA",2,"21,49","ND,ND","3,32","FL,FL","BLANDO,BLANDO",5,"NO TIENE",NA,"SIN PIEDRAS","SIN ROCAS","SIN PIEDRAS","SIN ROCAS","NO",NA,NA,NA,"NO",NA,NA,"NO",NA,"NO","GRANULAR","NO","NO","NO HAY","LA MANANA Y LA TARDE","NO HAY","NO HAY","NO","SI",28,"PLANTAS NORMALES","NO","NO","SI","NO","BUENO"
"36",70,"MEDIA,MEDIA","BUENO","MODERADO",1882,2107,21.5,"MONTA‹OSO","LADERA CONVEXA",2,"41,29","ND,ND","4,32","FL,FL","BLANDO,BLANDO",5,"NO TIENE",NA,"SIN PIEDRAS","SIN ROCAS","SIN PIEDRAS","SIN ROCAS","NO",NA,NA,NA,"NO",NA,NA,"NO",NA,"NO","GRANULAR","NO","NO","NO HAY","LA MANANA Y LA TARDE","NO HAY","NO HAY","NO","SI",47,"PLANTAS NORMALES","NO","NO","SI","NO","BUENO"
"37",70,"MEDIA,MEDIA","BUENO","MODERADO",1890,2115,33,"MONTA‹OSO","LADERA CONVEXA",2,"25,45","ND,ND","5,32","FL,FL","BLANDO,BLANDO",5,"NO TIENE",NA,"SIN PIEDRAS","SIN ROCAS","SIN PIEDRAS","SIN ROCAS","NO",NA,NA,NA,"NO",NA,NA,"NO",NA,"NO","GRANULAR","NO","NO","NO HAY","LA MANANA Y LA TARDE","NO HAY","NO HAY","NO","SI",39,"PLANTAS NORMALES","NO","NO","SI","NO","BUENO"
"38",70,"MEDIA,MEDIA","BUENO","MODERADO",1893,2118,14,"ONDULADO","PIE DE UNA ELEVACION",2,"61,9","ND,ND","1,33","FAr,FAr","BLANDO,BLANDO",4,"NO TIENE",NA,"SIN PIEDRAS","SIN ROCAS","SIN PIEDRAS","SIN ROCAS","NO",NA,NA,NA,"NO",NA,NA,"NO",NA,"NO","GRANULAR","NO","NO","NO HAY","LA MANANA Y LA TARDE","NO HAY","NO HAY","NO","SI",47,"POCO AFECTADAS","NO","NO","SI","NO","MUY BUENO"
"39",70,"MEDIA","BUENO","MODERADO",1897,2122,28,"ONDULADO","LADERA CONVEXA",1,"70","ND","3","FL","BLANDO",5,"NO TIENE",NA,"SIN PIEDRAS","SIN ROCAS","SIN PIEDRAS","SIN ROCAS","NO",NA,NA,NA,"NO",NA,NA,"NO",NA,"NO","GRANULAR","NO","NO","NO HAY","LA MANANA Y LA TARDE","NO HAY","NO HAY","NO","SI",34,"PLANTAS NORMALES","NO","NO","SI","NO","MUY BUENO"
"40",70,"MEDIA,MEDIA","BUENO","MODERADO",1901,2126,22.5,"MONTA‹OSO","LADERA PLANA",2,"44,26","ND,ND","3,16","FL,FL","BLANDO,BLANDO",5,"NO TIENE",NA,"SIN PIEDRAS","SIN ROCAS","SIN PIEDRAS","SIN ROCAS","NO",NA,NA,NA,"NO",NA,NA,"NO",NA,"NO","GRANULAR","NO","NO","NO HAY","LA MANANA Y LA TARDE","NO HAY","NO HAY","NO","SI",42,"PLANTAS NORMALES","NO","NO","SI","NO","MUY BUENO"
"41",70,"MEDIA,MEDIA","BUENO","LENTO",1906,2131,11,"ONDULADO","LADERA PLANA",2,"11,59","ND,ND","2,34","FL,FL","BLANDO,BLANDO",5,"NO TIENE",NA,"SIN PIEDRAS","SIN ROCAS","SIN PIEDRAS","SIN ROCAS","NO",NA,NA,NA,"NO",NA,NA,"NO",NA,"NO","GRANULAR","NO","NO","NO HAY","LA MANANA Y LA TARDE","NO HAY","NO HAY","NO","SI",26,"PLANTAS NORMALES","NO","NO","SI","NO","BUENO"
"42",70,"MEDIA,MEDIA","BUENO","MODERADO",1907,2132,16,"MONTA‹OSO","LADERA PLANA",2,"48,22","ND,ND","3,32","FL,FL","BLANDO,BLANDO",5,"NO TIENE",NA,"SIN PIEDRAS","SIN ROCAS","SIN PIEDRAS","SIN ROCAS","NO",NA,NA,NA,"NO",NA,NA,"NO",NA,"NO","GRANULAR","NO","NO","NO HAY","LA MANANA Y LA TARDE","NO HAY","NO HAY","NO","SI",41,"PLANTAS NORMALES","NO","NO","SI","NO","MUY BUENO"
"43",70,"MEDIA,MEDIA","BUENO","MODERADO",1910,2135,19.5,"ONDULADO","LADERA PLANA",2,"29,41","ND,ND","3,35","FL,FL","BLANDO,BLANDO",5,"NO TIENE",NA,"SIN PIEDRAS","SIN ROCAS","SIN PIEDRAS","SIN ROCAS","NO",NA,NA,NA,"NO",NA,NA,"NO",NA,"NO","GRANULAR","NO","NO","NO HAY","LA MANANA Y LA TARDE","NO HAY","NO HAY","NO","SI",36,"PLANTAS NORMALES","NO","NO","SI","NO","BUENO"
"44",70,"MEDIA,MEDIA","BUENO","MODERADO",1912,2137,23,"ONDULADO","LADERA CONVEXA",2,"17,53","ND,ND","3,32","FL,FL","BLANDO,BLANDO",5,"NO TIENE",NA,"SIN PIEDRAS","SIN ROCAS","SIN PIEDRAS","SIN ROCAS","NO",NA,NA,NA,"NO",NA,NA,"NO",NA,"NO","GRANULAR","NO","NO","NO HAY","LA MANANA Y LA TARDE","NO HAY","NO HAY","NO","SI",36,"PLANTAS NORMALES","NO","NO","SI","NO","BUENO"
"45",73,"MEDIA","BUENO","MODERADO",1913,2138,22,"ONDULADO","LADERA PLANA",1,"73","ND","3","FL","BLANDO",5,"NO TIENE",NA,"SIN PIEDRAS","SIN ROCAS","SIN PIEDRAS","SIN ROCAS","NO",NA,NA,NA,"NO",NA,NA,"NO",NA,"NO","GRANULAR","NO","NO","NO HAY","LA MANANA Y LA TARDE","NO HAY","NO HAY","NO","SI",38,"PLANTAS NORMALES","NO","NO","SI","NO","BUENO"
"46",70,"MEDIA,MEDIA","BUENO","MODERADO",1915,2140,18,"MONTA‹OSO","LADERA PLANA",2,"36,34","ND,ND","3,32","FL,FL","BLANDO,BLANDO",5,"NO TIENE",NA,"SIN PIEDRAS","SIN ROCAS","SIN PIEDRAS","SIN ROCAS","NO",NA,NA,NA,"NO",NA,NA,"NO",NA,"NO","GRANULAR","NO","NO","NO HAY","LA MANANA Y LA TARDE","NO HAY","NO HAY","NO","SI",23,"PLANTAS NORMALES","NO","NO","SI","NO","BUENO"
"47",70,"MEDIA","BUENO","MODERADO",1916,2141,22,"MONTA‹OSO","LADERA PLANA",1,"70","ND","3","FL","BLANDO",5,"NO TIENE",NA,"SIN PIEDRAS","SIN ROCAS","SIN PIEDRAS","SIN ROCAS","NO",NA,NA,NA,"NO",NA,NA,"NO",NA,"NO","GRANULAR","NO","NO","NO HAY","LA MANANA Y LA TARDE","NO HAY","NO HAY","NO","SI",27,"PLANTAS NORMALES","NO","NO","SI","NO","BUENO"
"48",70,"MEDIA,MEDIA","BUENO","MODERADO",1917,2142,14,"MONTA‹OSO","LADERA PLANA",2,"45,25","ND,ND","16,32","FL,FL","BLANDO,BLANDO",5,"NO TIENE",NA,"SIN PIEDRAS","SIN ROCAS","SIN PIEDRAS","SIN ROCAS","NO",NA,NA,NA,"NO",NA,NA,"NO",NA,"NO","GRANULAR","NO","NO","NO HAY","LA MANANA Y LA TARDE","NO HAY","NO HAY","NO","SI",23,"PLANTAS NORMALES","NO","NO","SI","NO","BUENO"
"49",70,"MEDIA,MEDIA","BUENO","MODERADO",1918,2143,19,"MONTA‹OSO","LADERA PLANA",2,"48,22","ND,ND","16,35","FL,FL","BLANDO,BLANDO",5,"NO TIENE",NA,"SIN PIEDRAS","SIN ROCAS","SIN PIEDRAS","SIN ROCAS","NO",NA,NA,NA,"NO",NA,NA,"NO",NA,"NO","GRANULAR","NO","NO","NO HAY","LA MANANA Y LA TARDE","NO HAY","NO HAY","NO","SI",34,"PLANTAS NORMALES","NO","NO","SI","NO","BUENO"
"50",70,"MEDIA,MEDIA","BUENO","MODERADO",1919,2144,18,"MONTA‹OSO","LADERA PLANA",2,"25,45","ND,ND","2,32","FL,FL","BLANDO,BLANDO",5,"NO TIENE",NA,"SIN PIEDRAS","SIN ROCAS","SIN PIEDRAS","SIN ROCAS","NO",NA,NA,NA,"NO",NA,NA,"NO",NA,"NO","GRANULAR","NO","NO","NO HAY","LA MANANA Y LA TARDE","NO HAY","NO HAY","NO","SI",27,"PLANTAS NORMALES","NO","NO","SI","NO","BUENO"
"51",70,"MEDIA,MEDIA","BUENO","MODERADO",1920,2145,24,"MONTA‹OSO","LADERA PLANA",2,"27,43","ND,ND","1,19","FL,FL","BLANDO,BLANDO",5,"NO TIENE",NA,"SIN PIEDRAS","SIN ROCAS","SIN PIEDRAS","SIN ROCAS","NO",NA,NA,NA,"NO",NA,NA,"NO",NA,"NO","GRANULAR","NO","NO","NO HAY","LA MANANA Y LA TARDE","NO HAY","NO HAY","NO","SI",16,"PLANTAS NORMALES","NO","NO","SI","NO","BUENO"
"52",70,"MEDIA,MEDIA","BUENO","MODERADO",1921,2146,18,"MONTA‹OSO","LADERA PLANA",2,"36,34","ND,ND","16,35","FL,FL","BLANDO,BLANDO",5,"NO TIENE",NA,"SIN PIEDRAS","SIN ROCAS","SIN PIEDRAS","SIN ROCAS","NO",NA,NA,NA,"NO",NA,NA,"NO",NA,"NO","GRANULAR","NO","NO","NO HAY","LA MANANA Y LA TARDE","NO HAY","NO HAY","NO","SI",28,"PLANTAS NORMALES","NO","NO","SI","NO","BUENO"
"53",70,"MEDIA,MEDIA","BUENO","MODERADO",1923,2148,13,"MONTA‹OSO","PLANO",2,"45,25","ND,ND","19,32","FL,FL","BLANDO,BLANDO",5,"NO TIENE",NA,"SIN PIEDRAS","SIN ROCAS","SIN PIEDRAS","SIN ROCAS","NO",NA,NA,NA,"NO",NA,NA,"NO",NA,"NO","GRANULAR","NO","NO","NO HAY","LA MANANA Y LA TARDE","NO HAY","NO HAY","NO","SI",19,"PLANTAS NORMALES","NO","NO","SI","NO","REGULAR"
"54",70,"MEDIA,MEDIA","BUENO","MODERADO",1925,2150,13.5,"ONDULADO","LADERA PLANA",2,"12,58","ND,ND","2,24","FL,FL","BLANDO,BLANDO",5,"NO TIENE",NA,"SIN PIEDRAS","SIN ROCAS","SIN PIEDRAS","SIN ROCAS","NO",NA,NA,NA,"NO",NA,NA,"NO",NA,"NO","GRANULAR","NO","NO","NO HAY","LA MANANA Y LA TARDE","NO HAY","NO HAY","NO","SI",10,"PLANTAS NORMALES","NO","NO","SI","NO","REGULAR"
"55",70,"MEDIA,MEDIA","BUENO","MODERADO",1926,2151,9,"ONDULADO","LADERA PLANA",2,"18,52","ND,ND","2,32","FL,FL","BLANDO,BLANDO",5,"NO TIENE",NA,"SIN PIEDRAS","SIN ROCAS","SIN PIEDRAS","SIN ROCAS","NO",NA,NA,NA,"NO",NA,NA,"NO",NA,"NO","GRANULAR","NO","NO","NO HAY","LA MANANA Y LA TARDE","NO HAY","NO HAY","NO","SI",15,"PLANTAS NORMALES","NO","NO","SI","NO","REGULAR"
"56",71,"MEDIA,MEDIA","BUENO","LENTO",1929,2154,13,"ONDULADO","LADERA PLANA",2,"10,61","ND,ND","3,32","FL,FL","BLANDO,BLANDO",5,"NO TIENE",NA,"SIN PIEDRAS","SIN ROCAS","SIN PIEDRAS","SIN ROCAS","NO",NA,NA,NA,"NO",NA,NA,"NO",NA,"NO","GRANULAR","NO","NO","NO HAY","LA MANANA Y LA TARDE","NO HAY","NO HAY","NO","SI",28,"POCO AFECTADAS","NO","NO","SI","NO","BUENO"
"57",71,"MEDIA,MEDIA","BUENO","LENTO",1935,2160,6,"ONDULADO","LADERA PLANA",2,"60,11","ND,ND","3,31","FL,FL","BLANDO,BLANDO",5,"NO TIENE",NA,"SIN PIEDRAS","SIN ROCAS","SIN PIEDRAS","SIN ROCAS","NO",NA,NA,NA,"NO",NA,NA,"NO",NA,"NO","GRANULAR","NO","NO","NO HAY","LA MANANA Y LA TARDE","NO HAY","NO HAY","NO","SI",45,"MUY AFECTADAS","NO","NO","SI","NO","REGULAR"
"58",70,"MEDIA,MEDIA","BUENO","LENTO",1939,2164,12,"ONDULADO","LADERA PLANA",2,"27,43","ND,ND","3,35","FL,FL","BLANDO,BLANDO",5,"NO TIENE",NA,"SIN PIEDRAS","SIN ROCAS","SIN PIEDRAS","SIN ROCAS","NO",NA,NA,NA,"NO",NA,NA,"NO",NA,"NO","GRANULAR","NO","NO","NO HAY","LA MANANA Y LA TARDE","NO HAY","NO HAY","NO","SI",19,"PLANTAS NORMALES","NO","NO","SI","NO","BUENO"
"59",70,"MEDIA,MEDIA","BUENO","MODERADO",1942,2167,23,"ONDULADO","LADERA PLANA",2,"6,64","16,34","ND,ND","FL,L","BLANDO,BLANDO",4.5,"NO TIENE",NA,"SIN PIEDRAS","SIN ROCAS","SIN PIEDRAS","SIN ROCAS","NO",NA,NA,NA,"NO",NA,NA,"NO",NA,"NO","GRANULAR","NO","NO","NO HAY","LA MANANA Y LA TARDE","NO HAY","NO HAY","NO","SI",32,"PLANTAS NORMALES","NO","NO","SI","NO","BUENO"
"60",70,"MEDIA,MEDIA","BUENO","MODERADO",1947,2172,26,"ONDULADO","LADERA CONVEXA",2,"22,48","3,35","ND,ND","FL,FL","BLANDO,BLANDO",5,"NO TIENE",NA,"SIN PIEDRAS","SIN ROCAS","SIN PIEDRAS","SIN ROCAS","NO",NA,NA,NA,"NO",NA,NA,"NO",NA,"NO","GRANULAR","NO","NO","NO HAY","LA MANANA Y LA TARDE","NO HAY","NO HAY","NO","SI",40,"PLANTAS NORMALES","NO","NO","SI","NO","BUENO"
"61",70,"MEDIA,MEDIA","BUENO","MODERADO",1949,2174,22,"ONDULADO","LADERA CONVEXA",2,"19,51","ND,ND","2,35","FL,FL","BLANDO,BLANDO",4.5,"NO TIENE",NA,"SIN PIEDRAS","SIN ROCAS","SIN PIEDRAS","SIN ROCAS","NO",NA,NA,NA,"NO",NA,NA,"NO",NA,"NO","GRANULAR","NO","NO","NO HAY","LA MANANA Y LA TARDE","NO HAY","NO HAY","NO","SI",38,"PLANTAS NORMALES","NO","NO","SI","NO","BUENO"
"62",70,"MEDIA,MEDIA","BUENO","MODERADO",1952,2176,22,"ONDULADO","LADERA PLANA",2,"12,58","ND,ND","2,32","F,FL","BLANDO,BLANDO",5,"NO TIENE",NA,"SIN PIEDRAS","SIN ROCAS","SIN PIEDRAS","SIN ROCAS","NO",NA,NA,NA,"NO",NA,NA,"NO",NA,"NO","GRANULAR","NO","NO","NO HAY","LA MANANA Y LA TARDE","NO HAY","NO HAY","NO","SI",40,"PLANTAS NORMALES","NO","NO","SI","NO","BUENO"
"63",70,"MUY ALTA,MUY ALTA","BUENO","MODERADO",2370,2430,46,"ONDULADO Y MONTA‹OSO","LADERA CONCAVA",2,"60,10","ND,ND","1,1","F,FL","FRIABLE,FRIABLE",5.5,"NO TIENE",NA,"SIN PIEDRAS","SIN ROCAS","SIN PIEDRAS","SIN ROCAS","NO",NA,NA,NA,"NO",NA,NA,"NO",NA,"NO","GRANULAR","NO","NO","NO HAY","LA MANANA Y LA TARDE","NO HAY","NO HAY","NO","SI",60,"NO HAY CULTIVO","SI","SI","SI","NO","MUY BUENO"
"64",25,"MEDIA,MEDIA","BUENO","MODERADO",2424,2469,46,"ONDULADO Y MONTA‹OSO","LADERA CONCAVA",2,"25,45","ND,ND","16,24","A,ArA","FRIABLE,FRIABLE",5.5,"NO TIENE",NA,"SIN PIEDRAS","SIN ROCAS","SIN PIEDRAS","SIN ROCAS","NO",NA,NA,NA,"NO",NA,NA,"NO",NA,"NO","GRANULAR","NO","NO","NO HAY","LA MANANA Y LA TARDE","NO HAY","NO HAY","NO","SI",25,"NO HAY CULTIVO","SI","NO","SI","NO","MUY BUENO"
"65",55,"MEDIA,BAJA","BUENO","MODERADO",2918,2756,25,"ONDULADO","LADERA CONCAVA",2,"35,25","ND,ND","4,19","FA,FAr","FRIABLE,FIRME",5,"NO TIENE",NA,"SIN PIEDRAS","SIN ROCAS","SIN PIEDRAS","SIN ROCAS","NO",NA,NA,NA,"NO",NA,NA,"SI",55,"SI","GRANULAR","NO","NO","NO HAY","LA MANANA","NO HAY","NO HAY","NO","SI",36,"PLANTAS NORMALES","NO","NO","SI","NO","MUY BUENO"
"66",70,"MEDIA,MEDIA","BUENO","MODERADO",2919,2757,18,"ONDULADO Y MONTA‹OSO","LADERA CONCAVA",2,"35,35","ND,ND","5,18","F,F","FRIABLE,FRIABLE",5,"NO TIENE",NA,"SIN PIEDRAS","SIN ROCAS","SIN PIEDRAS","SIN ROCAS","NO",NA,NA,NA,"NO",NA,NA,"NO",NA,"NO","GRANULAR","NO","NO","NO HAY","LA MANANA Y LA TARDE","NO HAY","NO HAY","NO","SI",70,"PLANTAS NORMALES","NO","NO","SI","NO","MUY BUENO"
"67",60,"MEDIA,MEDIA","BUENO","MODERADO",2920,2757,26,"ONDULADO Y MONTA‹OSO","LADERA PLANA",2,"30,30","ND,ND","1,16","F,F","FRIABLE,FRIABLE",5,"NO TIENE",NA,"SIN PIEDRAS","SIN ROCAS","SIN PIEDRAS","SIN ROCAS","NO",NA,NA,NA,"NO",NA,NA,"NO",NA,"NO","GRANULAR","NO","NO","NO HAY","LA MANANA Y LA TARDE","NO HAY","NO HAY","NO","SI",60,"PLANTAS NORMALES","NO","NO","SI","NO","MUY BUENO"
"68",60,"MEDIA,MEDIA","BUENO","MODERADO",2921,2757,25,"ONDULADO Y MONTA‹OSO","LADERA PLANA",2,"15,45","ND,ND","2,19","FA,FAr","FRIABLE,FIRME",5,"NO TIENE",NA,"SIN PIEDRAS","SIN ROCAS","SIN PIEDRAS","SIN ROCAS","NO",NA,NA,NA,"NO",NA,NA,"NO",NA,"NO","GRANULAR","NO","NO","NO HAY","LA TARDE","NO HAY","NO HAY","NO","SI",60,"PLANTAS NORMALES","NO","NO","SI","NO","MUY BUENO"
"69",60,"MEDIA","BUENO","MODERADO",2922,2758,25,"ONDULADO","PIE DE UNA ELEVACION",1,"60","ND","31","FAr","FRIABLE",5,"NO TIENE",NA,"SIN PIEDRAS","SIN ROCAS","SIN PIEDRAS","SIN ROCAS","NO",NA,NA,NA,"NO",NA,NA,"NO",NA,"NO","GRANULAR","NO","NO","NO HAY","LA MANANA","NO HAY","NO HAY","NO","SI",60,"PLANTAS NORMALES","NO","NO","SI","NO","MUY BUENO"
"70",60,"MEDIA,MEDIA","BUENO","MODERADO",2923,2758,20,"ONDULADO Y MONTA‹OSO","LADERA CONCAVA",2,"25,35","ND,ND","18,1","F,F","FRIABLE,FIRME",5,"NO TIENE",NA,"SIN PIEDRAS","SIN ROCAS","SIN PIEDRAS","SIN ROCAS","NO",NA,NA,NA,"NO",NA,NA,"NO",NA,"NO","GRANULAR","NO","NO","NO HAY","LA MANANA Y LA TARDE","NO HAY","NO HAY","NO","SI",60,"PLANTAS NORMALES","NO","NO","SI","NO","MUY BUENO"
"71",70,"MEDIA,MEDIA","BUENO","LENTO",2924,2758,13,"ONDULADO","LADERA CONCAVA",2,"30,40","ND,ND","2,19","F,F","FRIABLE,FRIABLE",5,"NO TIENE",NA,"SIN PIEDRAS","SIN ROCAS","SIN PIEDRAS","SIN ROCAS","NO",NA,NA,NA,"NO",NA,NA,"NO",NA,"NO","GRANULAR","NO","NO","NO HAY","LA MANANA Y LA TARDE","NO HAY","NO HAY","NO","SI",70,"PLANTAS NORMALES","NO","NO","SI","NO","MUY BUENO"
"72",60,"MEDIA","BUENO","MODERADO",2926,2760,18,"ONDULADO","LADERA PLANA",1,"60","ND","16","F","FRIABLE",5,"NO TIENE",NA,"SIN PIEDRAS","SIN ROCAS","SIN PIEDRAS","SIN ROCAS","NO",NA,NA,NA,"NO",NA,NA,"NO",NA,"NO","GRANULAR","NO","NO","NO HAY","LA MANANA Y LA TARDE","NO HAY","NO HAY","NO","SI",60,"PLANTAS NORMALES","NO","NO","SI","NO","MUY BUENO"
"73",70,"MEDIA,MEDIA","BUENO","MODERADO",2927,2760,31,"ONDULADO","LADERA PLANA",2,"35,35","ND,ND","3,28","F,F","FRIABLE,FRIABLE",5,"NO TIENE",NA,"SIN PIEDRAS","SIN ROCAS","SIN PIEDRAS","SIN ROCAS","NO",NA,NA,NA,"NO",NA,NA,"NO",NA,"NO","GRANULAR","NO","NO","NO HAY","LA MANANA Y LA TARDE","NO HAY","NO HAY","NO","SI",70,"PLANTAS NORMALES","NO","NO","SI","NO","MUY BUENO"
"74",70,"MEDIA","BUENO","MODERADO",2930,2761,23,"ONDULADO","PIE DE UNA ELEVACION",1,"70","ND","6","F","FRIABLE",5,"NO TIENE",NA,"SIN PIEDRAS","SIN ROCAS","SIN PIEDRAS","SIN ROCAS","NO",NA,NA,NA,"NO",NA,NA,"NO",NA,"NO","GRANULAR","NO","NO","NO HAY","LA MANANA","NO HAY","NO HAY","NO","SI",70,"PLANTAS NORMALES","NO","NO","SI","NO","MUY BUENO"
"75",60,"MEDIA","BUENO","MODERADO",2933,2764,31,"ONDULADO","LADERA PLANA",1,"60","ND","16","F","FRIABLE",5,"NO TIENE",NA,"SIN PIEDRAS","SIN ROCAS","SIN PIEDRAS","SIN ROCAS","NO",NA,NA,NA,"NO",NA,NA,"NO",NA,"NO","GRANULAR","NO","NO","NO HAY","LA MANANA Y LA TARDE","NO HAY","NO HAY","NO","SI",60,"PLANTAS NORMALES","NO","NO","SI","NO","MUY BUENO"
"76",70,"MEDIA","BUENO","MODERADO",2934,2764,22,"ONDULADO","LADERA CONCAVA",1,"70","ND","3","F","FRIABLE",5,"NO TIENE",NA,"SIN PIEDRAS","SIN ROCAS","SIN PIEDRAS","SIN ROCAS","NO",NA,NA,NA,"NO",NA,NA,"NO",NA,"NO","GRANULAR","NO","NO","NO HAY","LA MANANA Y LA TARDE","NO HAY","NO HAY","NO","SI",70,"PLANTAS NORMALES","NO","NO","SI","NO","MUY BUENO"
"77",70,"MEDIA,MEDIA","BUENO","MODERADO",2936,2765,24,"ONDULADO Y MONTA‹OSO","LADERA CONVEXA",2,"70,0","ND,ND","1,28","FL,F","FRIABLE,FRIABLE",5,"NO TIENE",NA,"SIN PIEDRAS","SIN ROCAS","SIN PIEDRAS","SIN ROCAS","NO",NA,NA,NA,"NO",NA,NA,"NO",NA,"NO","GRANULAR","NO","NO","NO HAY","LA MANANA Y LA TARDE","NO HAY","NO HAY","NO","SI",70,"PLANTAS NORMALES","NO","NO","SI","NO","MUY BUENO"
"78",60,"MEDIA,MEDIA","BUENO","MODERADO",2937,2765,18,"ONDULADO","PIE DE UNA ELEVACION",2,"30,30","ND,ND","5,18","F,F","FRIABLE,FRIABLE",5,"NO TIENE",NA,"SIN PIEDRAS","SIN ROCAS","SIN PIEDRAS","SIN ROCAS","NO",NA,NA,NA,"NO",NA,NA,"NO",NA,"NO","GRANULAR","NO","NO","NO HAY","LA MANANA Y LA TARDE","NO HAY","NO HAY","NO","SI",60,"PLANTAS NORMALES","NO","NO","SI","NO","MUY BUENO"
"79",60,"MEDIA,MEDIA","BUENO","MODERADO",2938,2766,20,"ONDULADO Y MONTA‹OSO","LADERA PLANA",2,"37,23","ND,ND","3,28","FA,FL","FRIABLE,FIRME",5,"NO TIENE",NA,"SIN PIEDRAS","SIN ROCAS","SIN PIEDRAS","SIN ROCAS","NO",NA,NA,NA,"NO",NA,NA,"NO",NA,"NO","GRANULAR","NO","NO","NO HAY","LA TARDE","NO HAY","NO HAY","NO","SI",60,"PLANTAS NORMALES","NO","NO","SI","NO","MUY BUENO"
"80",60,"MEDIA,MEDIA","BUENO","MODERADO",2939,2766,20,"ONDULADO","LADERA PLANA",2,"25,35","ND,ND","2,32","F,FL","FRIABLE,FRIABLE",5,"NO TIENE",NA,"SIN PIEDRAS","SIN ROCAS","SIN PIEDRAS","SIN ROCAS","NO",NA,NA,NA,"NO",NA,NA,"NO",NA,"NO","GRANULAR","NO","NO","NO HAY","LA TARDE","NO HAY","NO HAY","NO","SI",60,"PLANTAS NORMALES","NO","NO","SI","NO","MUY BUENO"
"81",60,"MEDIA,MEDIA","BUENO","MODERADO",2942,2769,16,"ONDULADO Y MONTA‹OSO","LADERA CONVEXA",2,"30,30","ND,ND","3,18","FL,FL","FRIABLE,FRIABLE",5,"NO TIENE",NA,"SIN PIEDRAS","SIN ROCAS","SIN PIEDRAS","SIN ROCAS","NO",NA,NA,NA,"NO",NA,NA,"NO",NA,"NO","GRANULAR","NO","NO","NO HAY","LA TARDE","NO HAY","NO HAY","NO","SI",60,"PLANTAS NORMALES","NO","NO","SI","NO","MUY BUENO"
"82",60,"MEDIA","BUENO","MODERADO",2943,2769,26,"ONDULADO","LADERA CONCAVA",1,"60","ND","17","F","FRIABLE",5,"NO TIENE",NA,"SIN PIEDRAS","SIN ROCAS","SIN PIEDRAS","SIN ROCAS","NO",NA,NA,NA,"NO",NA,NA,"NO",NA,"NO","GRANULAR","NO","NO","NO HAY","LA TARDE","NO HAY","NO HAY","NO","SI",60,"PLANTAS NORMALES","NO","NO","SI","NO","MUY BUENO"
"83",70,"MEDIA","BUENO","MODERADO",2944,2770,25,"ONDULADO Y MONTA‹OSO","LADERA CONCAVA",1,"70","ND","19","FL","FRIABLE",5,"NO TIENE",NA,"SIN PIEDRAS","SIN ROCAS","SIN PIEDRAS","SIN ROCAS","NO",NA,NA,NA,"NO",NA,NA,"NO",NA,"NO","GRANULAR","NO","NO","NO HAY","LA MANANA Y LA TARDE","NO HAY","NO HAY","NO","SI",70,"PLANTAS NORMALES","NO","NO","SI","NO","MUY BUENO"
"84",60,"MEDIA","BUENO","MODERADO",2945,2771,24,"ONDULADO","PIE DE UNA ELEVACION",1,"60","ND","28","FL","FIRME",5,"NO TIENE",NA,"SIN PIEDRAS","SIN ROCAS","SIN PIEDRAS","SIN ROCAS","NO",NA,NA,NA,"NO",NA,NA,"NO",NA,"NO","GRANULAR","NO","NO","NO HAY","LA MANANA Y LA TARDE","NO HAY","NO HAY","NO","SI",60,"PLANTAS NORMALES","NO","NO","SI","NO","MUY BUENO"
"85",60,"MEDIA,MEDIA","BUENO","MODERADO",2947,2772,16,"ONDULADO Y MONTA‹OSO","LADERA PLANA",2,"30,30","ND,ND","3,18","F,FA","FRIABLE,FRIABLE",5,"NO TIENE",NA,"SIN PIEDRAS","SIN ROCAS","SIN PIEDRAS","SIN ROCAS","NO",NA,NA,NA,"NO",NA,NA,"NO",NA,"NO","GRANULAR","NO","NO","NO HAY","LA MANANA Y LA TARDE","NO HAY","NO HAY","NO","SI",60,"PLANTAS NORMALES","NO","NO","SI","NO","MUY BUENO"
"86",60,"MEDIA","BUENO","MODERADO",2948,2773,22,"ONDULADO","LADERA CONCAVA",1,"60","ND","33","FL","FIRME",5,"NO TIENE",NA,"SIN PIEDRAS","SIN ROCAS","SIN PIEDRAS","SIN ROCAS","NO",NA,NA,NA,"NO",NA,NA,"NO",NA,"NO","GRANULAR","NO","NO","NO HAY","LA MANANA Y LA TARDE","NO HAY","NO HAY","NO","SI",60,"PLANTAS NORMALES","NO","NO","SI","NO","MUY BUENO"
"87",70,"MEDIA","BUENO","MODERADO",2949,2773,28,"ONDULADO","PIE DE UNA ELEVACION",1,"70","ND","3","F","FRIABLE",5,"NO TIENE",NA,"SIN PIEDRAS","SIN ROCAS","SIN PIEDRAS","SIN ROCAS","NO",NA,NA,NA,"NO",NA,NA,"NO",NA,"NO","GRANULAR","NO","NO","NO HAY","LA MANANA Y LA TARDE","NO HAY","NO HAY","NO","SI",70,"PLANTAS NORMALES","NO","NO","SI","NO","MUY BUENO"
"88",70,"MEDIA","BUENO","MODERADO",2950,2773,36,"ONDULADO Y MONTA‹OSO","LADERA PLANA",1,"70","ND","1","F","FRIABLE",5,"NO TIENE",NA,"SIN PIEDRAS","SIN ROCAS","SIN PIEDRAS","SIN ROCAS","NO",NA,NA,NA,"NO",NA,NA,"NO",NA,"NO","GRANULAR","NO","NO","NO HAY","LA MANANA Y LA TARDE","NO HAY","NO HAY","NO","SI",70,"PLANTAS NORMALES","NO","NO","SI","NO","MUY BUENO"
"89",60,"MEDIA,MEDIA","BUENO","MODERADO",2952,2775,21,"ONDULADO","LADERA PLANA",2,"43,17","ND,ND","3,18","F,F","FRIABLE,FRIABLE",5,"NO TIENE",NA,"SIN PIEDRAS","SIN ROCAS","SIN PIEDRAS","SIN ROCAS","NO",NA,NA,NA,"NO",NA,NA,"NO",NA,"NO","GRANULAR","NO","NO","NO HAY","LA MANANA Y LA TARDE","NO HAY","NO HAY","NO","SI",60,"PLANTAS NORMALES","NO","NO","SI","NO","MUY BUENO"
"90",70,"MEDIA,MEDIA","BUENO","LENTO",2953,2776,12,"ONDULADO","PLANO",2,"15,45","ND,ND","5,19","F,FL","FRIABLE,FRIABLE",6,"NO TIENE",NA,"SIN PIEDRAS","SIN ROCAS","SIN PIEDRAS","SIN ROCAS","NO",NA,NA,NA,"NO",NA,NA,"NO",NA,"NO","GRANULAR","NO","NO","NO HAY","LA MANANA Y LA TARDE","NO HAY","NO HAY","NO","SI",70,"PLANTAS NORMALES","NO","NO","SI","NO","MUY BUENO"
"91",70,"MEDIA,MEDIA","BUENO","MODERADO",2954,2776,25,"PLANO O LLANO","LADERA CONCAVA",2,"30,30","ND,ND","3,18","F,FL","FRIABLE,FRIABLE",5,"NO TIENE",NA,"SIN PIEDRAS","SIN ROCAS","SIN PIEDRAS","SIN ROCAS","NO",NA,NA,NA,"NO",NA,NA,"NO",NA,"NO","GRANULAR","NO","NO","NO HAY","LA MANANA Y LA TARDE","NO HAY","NO HAY","NO","SI",70,"PLANTAS NORMALES","NO","NO","SI","NO","MUY BUENO"
"92",70,"MEDIA,MEDIA","BUENO","MODERADO",2957,2779,22,"ONDULADO","LADERA PLANA",2,"30,30","ND,ND","5,18","F,FA","FRIABLE,FRIABLE",5,"NO TIENE",NA,"SIN PIEDRAS","SIN ROCAS","SIN PIEDRAS","SIN ROCAS","NO",NA,NA,NA,"NO",NA,NA,"NO",NA,"NO","GRANULAR","NO","NO","NO HAY","LA MANANA Y LA TARDE","NO HAY","NO HAY","NO","SI",70,"PLANTAS NORMALES","NO","NO","SI","NO","MUY BUENO"
"93",60,"MEDIA,MEDIA","BUENO","MODERADO",2958,2779,21,"ONDULADO","LADERA CONVEXA",2,"20,40","ND,ND","2,16","F,FA","FRIABLE,FRIABLE",5,"NO TIENE",NA,"SIN PIEDRAS","SIN ROCAS","SIN PIEDRAS","SIN ROCAS","NO",NA,NA,NA,"NO",NA,NA,"NO",NA,"NO","GRANULAR","NO","NO","NO HAY","LA MANANA Y LA TARDE","NO HAY","NO HAY","NO","SI",60,"PLANTAS NORMALES","NO","NO","SI","NO","MUY BUENO"
"94",60,"MEDIA,MEDIA","BUENO","MODERADO",2959,2779,25,"ONDULADO","LADERA CONCAVA",2,"30,30","ND,ND","1,34","F,FAr","FRIABLE,FRIABLE",5,"NO TIENE",NA,"SIN PIEDRAS","SIN ROCAS","SIN PIEDRAS","SIN ROCAS","NO",NA,NA,NA,"NO",NA,NA,"NO",NA,"NO","GRANULAR","NO","NO","NO HAY","LA MANANA Y LA TARDE","NO HAY","NO HAY","NO","SI",60,"PLANTAS NORMALES","NO","NO","SI","NO","MUY BUENO"
"95",70,"MEDIA,MEDIA","BUENO","MODERADO",2961,2780,48.3,"ONDULADO Y MONTA‹OSO","PIE DE UNA ELEVACION",2,"40,30","ND,ND","5,16","AF,FAr","FRIABLE,FIRME",6,"NO TIENE",NA,"SIN PIEDRAS","SIN ROCAS","SIN PIEDRAS","SIN ROCAS","NO",NA,NA,NA,"NO",NA,NA,"NO",NA,"NO","GRANULAR","NO","NO","NO HAY","LA MANANA Y LA TARDE","NO HAY","NO HAY","NO","SI",50,"PLANTAS NORMALES","NO","NO","SI","NO","MUY BUENO"
"96",70,"MEDIA,MEDIA","BUENO","LENTO",2962,2780,3.6,"PLANO O LLANO","PLANO",2,"40,30","ND,ND","1,26","FAr,FL","FRIABLE,FIRME",6,"NO TIENE",NA,"SIN PIEDRAS","SIN ROCAS","SIN PIEDRAS","SIN ROCAS","NO",NA,NA,NA,"NO",NA,NA,"NO",NA,"NO","GRANULAR","NO","NO","NO HAY","LA MANANA Y LA TARDE","NO HAY","NO HAY","NO","SI",46,"PLANTAS NORMALES","NO","NO","SI","NO","MUY BUENO"
"97",60,"MEDIA,MEDIA","BUENO","MODERADO",2971,2785,28,"ONDULADO","LADERA PLANA",2,"20,40","ND,ND","8,32","F,FAr","FRIABLE,FIRME",5,"NO TIENE",NA,"SIN PIEDRAS","SIN ROCAS","SIN PIEDRAS","SIN ROCAS","NO",NA,NA,NA,"NO",NA,NA,"NO",NA,"NO","GRANULAR","NO","NO","NO HAY","LA MANANA Y LA TARDE","NO HAY","NO HAY","NO","SI",50,"PLANTAS NORMALES","NO","NO","SI","NO","MUY BUENO"
"98",60,"MEDIA","BUENO","MODERADO",2991,2798,26,"ONDULADO","LADERA CONVEXA",1,"60","ND","3","FL","FRIABLE",5,"NO TIENE",NA,"SIN PIEDRAS","SIN ROCAS","SIN PIEDRAS","SIN ROCAS","NO",NA,NA,NA,"NO",NA,NA,"NO",NA,"NO","GRANULAR","NO","NO","NO HAY","LA MANANA Y LA TARDE","NO HAY","NO HAY","NO","SI",60,"PLANTAS NORMALES","NO","NO","SI","NO","MUY BUENO"
"99",60,"MEDIA","BUENO","MODERADO",2995,2800,26,"ONDULADO","LADERA CONCAVA",1,"60","ND","17","F","FRIABLE",5,"NO TIENE",NA,"SIN PIEDRAS","SIN ROCAS","SIN PIEDRAS","SIN ROCAS","NO",NA,NA,NA,"NO",NA,NA,"NO",NA,"NO","GRANULAR","NO","NO","NO HAY","LA MANANA Y LA TARDE","NO HAY","NO HAY","NO","SI",60,"PLANTAS NORMALES","NO","NO","SI","NO","MUY BUENO"
"100",51,"MEDIA,MEDIA","BUENO","MODERADO",3075,2822,29.5,"ONDULADO","LADERA CONCAVA",2,"28,23","5,3","5,3","F,F","FRIABLE,FRIABLE",5.5,"NO TIENE",NA,"SIN PIEDRAS","SIN ROCAS","ND","ND","ND",NA,NA,"ND","NO",NA,NA,"NO",NA,"NO","GRANULAR","NO","NO","NO HAY","LA MANANA Y LA TARDE","NO HAY","NO HAY","NO","SI",38,"PLANTAS NORMALES","SI","NO","SI","NO","MUY BUENO"
"101",68,"MEDIA,MEDIA","BUENO","MODERADO",3076,2823,38,"ONDULADO","LADERA PLANA",2,"48,20","ND,ND","2,18","F,F","FRIABLE,FIRME",5,"NO TIENE",NA,"SIN PIEDRAS","SIN ROCAS","ND","ND","ND",NA,NA,"ND","NO",NA,NA,"NO",NA,"NO","GRANULAR","NO","NO","NO HAY","LA MANANA Y LA TARDE","NO HAY","NO HAY","NO","SI",48,"PLANTAS NORMALES","SI","NO","SI","NO","MUY BUENO"
"102",74,"MEDIA,MEDIA","BUENO","MODERADO",3092,2828,55,"MONTA‹OSO","LADERA CONVEXA",2,"40,34","ND,ND","18,2","F,FL","FRIABLE,FIRME",5,"NO TIENE",NA,"SIN PIEDRAS","SIN ROCAS","ND","ND","NO",NA,NA,"ND","NO",NA,NA,"NO",NA,"NO","GRANULAR","NO","NO","NO HAY","LA MANANA Y LA TARDE","NO HAY","NO HAY","NO","SI",41,"PLANTAS NORMALES","SI","NO","SI","NO","MUY BUENO"
"103",63,"MEDIA,MEDIA","BUENO","MODERADO",3093,2829,40,"ONDULADO","LADERA CONCAVA",2,"36,27","ND,ND","3,16","F,F","FRIABLE,FIRME",4.5,"NO TIENE",NA,"SIN PIEDRAS","SIN ROCAS","ND","ND","NO",NA,NA,"ND","NO",NA,NA,"NO",NA,"NO","GRANULAR","NO","NO","NO HAY","LA MANANA Y LA TARDE","NO HAY","NO HAY","NO","SI",52,"PLANTAS NORMALES","SI","NO","SI","NO","MUY BUENO"
"104",21,"MEDIA,MEDIA","BUENO","MODERADO",3098,2831,48.3,"MONTA‹OSO","LADERA CONVEXA",2,"12,35","ND,ND","16,18","FL,FL","BLANDO,BLANDO",4,"NO TIENE",NA,"PEDREGOSO","SIN ROCAS","MUY PEDREGOSO","ND","SI",12,35,"12","NO",NA,NA,"NO",NA,"NO","GRANULAR","NO","NO","NO HAY","LA MANANA Y LA TARDE","NO HAY","NO HAY","NO","SI",21,"POCO AFECTADAS","SI","NO","SI","NO","MUY BUENO"
"105",70,"MEDIA,MEDIA","BUENO","MODERADO",3117,2839,32,"ONDULADO","CIMA",2,"35,35","ND,ND","6,18","F,F","FRIABLE,FIRME",4.5,"NO TIENE",NA,"SIN PIEDRAS","SIN ROCAS","ND","ND","NO",NA,NA,"ND","NO",NA,NA,"NO",NA,"NO","GRANULAR","NO","NO","NO HAY","LA MANANA Y LA TARDE","NO HAY","NO HAY","NO","SI",23,"PLANTAS NORMALES","SI","NO","SI","NO","MUY BUENO"
"106",87,"MEDIA,MEDIA","BUENO","LENTO",3325,3023,7,"MONTA‹OSO","PIE DE UNA ELEVACION",2,"37,50","6,38","1,19","FL,L","FRIABLE,FRIABLE",5,"NO TIENE",NA,"SIN PIEDRAS","SIN ROCAS","SIN PIEDRAS","SIN ROCAS","NO",NA,NA,NA,"NO",NA,NA,"NO",NA,"NO","GRANULAR","NO","NO","NO HAY","LA MANANA Y LA TARDE","NO HAY","NO HAY","NO","SI",58,"PLANTAS NORMALES","SI","NO","SI","NO","BUENO"
"107",45,"BAJA","BUENO","MODERADO",3506,3066,32,"ONDULADO","LADERA CONCAVA",1,"54","ND","16","FL,ND","BLANDO,ND",5,"NO TIENE",NA,"SIN PIEDRAS","SIN ROCAS","SIN PIEDRAS","SIN ROCAS","NO",NA,NA,NA,"NO",NA,NA,"SI",60,"NO","LAMINAR","NO","NO","NO HAY","LA MANANA Y LA TARDE","NO HAY","NO HAY","NO","SI",45,"POCO AFECTADAS","NO","NO","NO","NO","MUY BUENO"
"108",15,"MUY ALTA","BUENO","LENTO",3507,3067,13,"ONDULADO","PLANO CON ONDULACIONES",1,"53","ND","8","FL,ND","BLANDO,ND,ND,ND,ND",5,"NO TIENE",NA,"SIN PIEDRAS","SIN ROCAS","SIN PIEDRAS","SIN ROCAS","NO",NA,NA,NA,"NO",NA,NA,"NO",NA,"NO","LAMINAR","NO","NO","NO HAY","LA MANANA Y LA TARDE","NO HAY","NO HAY","NO","SI",15,"PLANTAS NORMALES ","SI","SI","SI","NO","BUENO"
"109",80,"MEDIA","BUENO","MODERADO",3511,3071,41,"ONDULADO","LADERA CONCAVA",1,"80","ND","34","F,Ar","BLANDO,ND",5,"NO TIENE",NA,"SIN PIEDRAS","SIN ROCAS","SIN PIEDRAS","SIN ROCAS","NO",NA,NA,NA,"NO",NA,NA,"NO",NA,"NO","GRANULAR","NO","NO","NO HAY","LA MANANA Y LA TARDE","NO HAY","NO HAY","NO","SI",8,"POCO AFECTADAS","NO","NO","SI","NO","BUENO"
"110",60,"MUY ALTA","BUENO","MODERADO",3514,3074,49,"ONDULADO","LADERA CONCAVA",1,"60","ND","1","FL,ND","FRIABLE,ND",5,"NO TIENE",NA,"SIN PIEDRAS","SIN ROCAS","SIN PIEDRAS","SIN ROCAS","NO",NA,NA,NA,"NO",NA,NA,"NO",NA,"NO","GRANULAR","NO","NO","NO HAY","LA MANANA Y LA TARDE","NO HAY","NO HAY","NO","SI",30,"PLANTAS NORMALES ","NO","SI","SI","SI","MUY BUENO"
